conference,url,partial,full,restricted,url2,notes
AAAI,https://aaai.org/Conferences/AAAI-20/aaai20call/,Y,Y,,,
ACL,https://acl2020.org/calls/papers/,Y,Y,Y,https://acl2020.org/calls/papers/#important-anonymity-period,
ASE,https://conf.researchr.org/track/ase-2020/ase-2020-papers,Y,Y,N,https://conf.researchr.org/track/ase-2020/ase-2020-papers#FAQs-on-Double-Blind,
ASPLOS,https://asplos-conference.org/submissions/,Y,Y,N,,
CAV,http://i-cav.org/2020/call-for-papers/,Y,Y,N,,
CCS,https://www.sigsac.org/ccs/CCS2020/call-for-papers.html,Y,Y,,,
CRYPTO,https://crypto.iacr.org/2020/callforpapers.html,Y,Y,N,,
CVPR,http://cvpr2020.thecvf.com/submission/main-conference/author-guidelines#call-for-papers,Y,Y,N,,
ECCV,https://eccv2020.eu/author-instructions/,Y,Y,N,,
EMNLP,https://2020.emnlp.org/call-for-papers,Y,Y,Y,https://www.emnlp-ijcnlp2019.org/calls/papers,
EuroCrypt,https://eurocrypt.iacr.org/2020/callforpapers.html,Y,Y,N,,
EuroSys,https://www.eurosys2020.org/call-for-papers/,Y,Y,,,
FAST,https://www.usenix.org/conference/fast20/call-for-papers,Y,Y,,,
FSE,https://2020.esec-fse.org/track/fse-2020-papers,Y,Y,N,,
HPCA,https://www.hpca-conf.org/2020/calls/,Y,Y,,,
ICML,https://icml.cc/Conferences/2020/CallForPapers,Y,Y,,,
ICSE,https://conf.researchr.org/track/icse-2020/icse-2020-papers#Submitting-to-ICSE-Q-A,Y,Y,Y(3,
IJCAI,https://ijcai20.org/call-for-papers.html,Y,Y,N,
ISCA,https://www.iscaconf.org/isca2020/submit/guidelines.html,Y,Y,N,
KDD,https://www.kdd.org/kdd2020/calls/view/kdd-2020-call-for-research-papers,Y,Y,N,
MICRO,https://www.microarch.org/micro52/submit/guidelines.html,Y,Y,N,
MobiCom,https://sigmobile.org/mobicom/2020/,Y,Y,,
NDSS,https://www.ndss-symposium.org/ndss2020/call-for-papers/,Y,Y,,
NeurIPS,https://nips.cc/Conferences/2019/CallForPapers,Y,Y,N,
NSDI,https://www.usenix.org/conference/nsdi20/call-for-papers,Y,Y,N,
Oakland (IEEE S&P),https://www.ieee-security.org/TC/SP2020/cfpapers.html,Y,Y,N,
OOPSLA,https://2020.splashcon.org/track/splash-2020-oopsla#Call-for-Papers,Y,Y,N,
OSDI,https://www.usenix.org/conference/osdi20/call-for-papers,Y,Y,,
PLDI,https://pldi20.sigplan.org/track/pldi-2020-papers#FAQ-on-Double-Blind-Reviewing,Y,Y,N,
SenSys,http://sensys.acm.org/2020/cfp/,Y,Y,,
SIGCOMM,https://conferences.sigcomm.org/sigcomm/2020/submission.html,Y,Y,N,
SIGGRAPH,https://s2020.siggraph.org/submissions/technical-papers-submissions/technical-papers-submissions-faq/,Y,Y,N,
SIGGRAPH Asia,https://sa2019.siggraph.org/submissions/technical-papers,Y,Y,N,
SIGIR,https://sigir.org/sigir2020/call-for-full-papers/,Y,Y,N,
SIGMETRICS,https://www.sigmetrics.org/sigmetrics2020/call_for_papers.html,Y,Y,N,
SIGMOD,https://sigmod2020.org/calls_papers_sigmod_research.shtml,Y,Y,,
SOSP,https://sosp2021.mpi-sws.org/cfp.html,Y,Y,N,
USENIX ATC,https://www.usenix.org/conference/atc20/call-for-papers,Y,Y,N,
USENIX Security,https://www.usenix.org/sites/default/files/sec20_cfp_101519.pdf,Y,Y,N,
WWW,https://www2020.thewebconf.org/call-for-contributions#instructions,Y,Y,N,
CHI,https://chi2020.acm.org/authors/papers/chi-anonymisation-policy/,Y,N,N,
UIST,https://uist.acm.org/uist2019/author-guide/index.html#ano,Y,N,N,
ICFP,https://conf.researchr.org/track/icfp-2020/icfp-2020-papers#Call-for-Papers,Y,N,N,
ISSTA,https://conf.researchr.org/track/issta-2020/issta-2020-papers#Double-Blind-Reviewing,Y,,N,
LICS,https://lics.siglog.org/lics20/cfp.php,Y,,N,
MobiSys,https://www.sigmobile.org/mobisys/2020/cfp/,Y,,,
POPL,https://popl20.sigplan.org/track/POPL-2020-Research-Papers#POPL-2020-Call-for-Papers,Y,,N,
FOCS,http://focs2019.cs.jhu.edu/cfp/,,,,,
ICDE,https://www.utdallas.edu/icde/call.html,,,,,
ICRA,https://www.icra2020.org/call-for-papers,,,,,
IROS,http://www.iros2020.org/2submission/CallforPapers.html,,,,,,
PODS,https://sigmod2020.org/calls_papers_pods_research.shtml,,,,,
SODA,https://www.siam.org/conferences/cm/submissions-and-deadlines/soda22-submissions-deadlines,Y,N,N,,
